{"version":"1.4.0","project":{"name":"Devolution_bd2c96d2de","directory":"/Users/khatran/Documents/Aalto-yliopisto/Programming1/Devolution/.scala-build","workspaceDir":"/Users/khatran/Documents/Aalto-yliopisto/Programming1/Devolution","sources":["/Users/khatran/Documents/Aalto-yliopisto/Programming1/Devolution/helloworld.scala","/Users/khatran/Documents/Aalto-yliopisto/Programming1/Devolution/src/devolution/Ability.scala","/Users/khatran/Documents/Aalto-yliopisto/Programming1/Devolution/src/devolution/Action.scala","/Users/khatran/Documents/Aalto-yliopisto/Programming1/Devolution/src/devolution/Area.scala","/Users/khatran/Documents/Aalto-yliopisto/Programming1/Devolution/src/devolution/Game.scala","/Users/khatran/Documents/Aalto-yliopisto/Programming1/Devolution/src/devolution/Player.scala","/Users/khatran/Documents/Aalto-yliopisto/Programming1/Devolution/src/devolution/Timeline.scala","/Users/khatran/Documents/Aalto-yliopisto/Programming1/Devolution/src/devolution/Zone.scala","/Users/khatran/Documents/Aalto-yliopisto/Programming1/Devolution/src/devolution/helpers/Dialogues.scala","/Users/khatran/Documents/Aalto-yliopisto/Programming1/Devolution/src/devolution/helpers/constants.scala","/Users/khatran/Documents/Aalto-yliopisto/Programming1/Devolution/src/devolution/helpers/dialogueHelpers.scala","/Users/khatran/Documents/Aalto-yliopisto/Programming1/Devolution/src/devolution/test.scala","/Users/khatran/Documents/Aalto-yliopisto/Programming1/Devolution/src/devolution/ui/DevolutionGUI.scala"],"dependencies":[],"classpath":["/Users/khatran/Library/Caches/Coursier/v1/https/repo1.maven.org/maven2/org/scala-lang/scala3-library_3/3.3.0/scala3-library_3-3.3.0.jar","/Users/khatran/Library/Caches/Coursier/v1/https/repo1.maven.org/maven2/org/scala-lang/scala-library/2.13.10/scala-library-2.13.10.jar","/Users/khatran/Library/Caches/Coursier/v1/https/repo1.maven.org/maven2/com/sourcegraph/semanticdb-javac/0.7.4/semanticdb-javac-0.7.4.jar"],"out":"/Users/khatran/Documents/Aalto-yliopisto/Programming1/Devolution/.scala-build/.bloop/Devolution_bd2c96d2de","classesDir":"/Users/khatran/Documents/Aalto-yliopisto/Programming1/Devolution/.scala-build/Devolution_bd2c96d2de/classes/main","scala":{"organization":"org.scala-lang","name":"scala-compiler","version":"3.3.0","options":["-Xsemanticdb","-sourceroot","/Users/khatran/Documents/Aalto-yliopisto/Programming1/Devolution","-release","17"],"jars":["/Users/khatran/Library/Caches/Coursier/v1/https/repo1.maven.org/maven2/org/scala-lang/scala3-compiler_3/3.3.0/scala3-compiler_3-3.3.0.jar","/Users/khatran/Library/Caches/Coursier/v1/https/repo1.maven.org/maven2/org/scala-lang/scala3-interfaces/3.3.0/scala3-interfaces-3.3.0.jar","/Users/khatran/Library/Caches/Coursier/v1/https/repo1.maven.org/maven2/org/scala-lang/scala3-library_3/3.3.0/scala3-library_3-3.3.0.jar","/Users/khatran/Library/Caches/Coursier/v1/https/repo1.maven.org/maven2/org/scala-lang/tasty-core_3/3.3.0/tasty-core_3-3.3.0.jar","/Users/khatran/Library/Caches/Coursier/v1/https/repo1.maven.org/maven2/org/scala-lang/modules/scala-asm/9.4.0-scala-1/scala-asm-9.4.0-scala-1.jar","/Users/khatran/Library/Caches/Coursier/v1/https/repo1.maven.org/maven2/org/scala-sbt/compiler-interface/1.3.5/compiler-interface-1.3.5.jar","/Users/khatran/Library/Caches/Coursier/v1/https/repo1.maven.org/maven2/org/jline/jline-reader/3.19.0/jline-reader-3.19.0.jar","/Users/khatran/Library/Caches/Coursier/v1/https/repo1.maven.org/maven2/org/jline/jline-terminal/3.19.0/jline-terminal-3.19.0.jar","/Users/khatran/Library/Caches/Coursier/v1/https/repo1.maven.org/maven2/org/jline/jline-terminal-jna/3.19.0/jline-terminal-jna-3.19.0.jar","/Users/khatran/Library/Caches/Coursier/v1/https/repo1.maven.org/maven2/org/scala-lang/scala-library/2.13.10/scala-library-2.13.10.jar","/Users/khatran/Library/Caches/Coursier/v1/https/repo1.maven.org/maven2/com/google/protobuf/protobuf-java/3.7.0/protobuf-java-3.7.0.jar","/Users/khatran/Library/Caches/Coursier/v1/https/repo1.maven.org/maven2/org/scala-sbt/util-interface/1.3.0/util-interface-1.3.0.jar","/Users/khatran/Library/Caches/Coursier/v1/https/repo1.maven.org/maven2/net/java/dev/jna/jna/5.3.1/jna-5.3.1.jar"]},"java":{"options":["--release","17","-Xplugin:semanticdb -sourceroot:/Users/khatran/Documents/Aalto-yliopisto/Programming1/Devolution -targetroot:javac-classes-directory","-J--add-exports","-Jjdk.compiler/com.sun.tools.javac.api=ALL-UNNAMED","-J--add-exports","-Jjdk.compiler/com.sun.tools.javac.code=ALL-UNNAMED","-J--add-exports","-Jjdk.compiler/com.sun.tools.javac.model=ALL-UNNAMED","-J--add-exports","-Jjdk.compiler/com.sun.tools.javac.tree=ALL-UNNAMED","-J--add-exports","-Jjdk.compiler/com.sun.tools.javac.util=ALL-UNNAMED"]},"platform":{"name":"jvm","config":{"options":[]},"mainClass":[]},"resolution":{"modules":[{"organization":"org.scala-lang","name":"scala3-library_3","version":"3.3.0","artifacts":[{"name":"scala3-library_3","path":"/Users/khatran/Library/Caches/Coursier/v1/https/repo1.maven.org/maven2/org/scala-lang/scala3-library_3/3.3.0/scala3-library_3-3.3.0.jar"},{"name":"scala3-library_3","classifier":"sources","path":"/Users/khatran/Library/Caches/Coursier/v1/https/repo1.maven.org/maven2/org/scala-lang/scala3-library_3/3.3.0/scala3-library_3-3.3.0-sources.jar"}]},{"organization":"org.scala-lang","name":"scala-library","version":"2.13.10","artifacts":[{"name":"scala-library","path":"/Users/khatran/Library/Caches/Coursier/v1/https/repo1.maven.org/maven2/org/scala-lang/scala-library/2.13.10/scala-library-2.13.10.jar"},{"name":"scala-library","classifier":"sources","path":"/Users/khatran/Library/Caches/Coursier/v1/https/repo1.maven.org/maven2/org/scala-lang/scala-library/2.13.10/scala-library-2.13.10-sources.jar"}]}]},"tags":["library"]}}