{
    "version": "1.4.0",
    "project": {
        "name": "devolution",
        "directory": "/Users/khatran/Documents/Aalto-yliopisto/Programming1/Devolution",
        "workspaceDir": "/Users/khatran/Documents/Aalto-yliopisto/Programming1/Devolution",
        "sources": [
            "/Users/khatran/Documents/Aalto-yliopisto/Programming1/Devolution/src/main/scala",
            "/Users/khatran/Documents/Aalto-yliopisto/Programming1/Devolution/src/main/scala-2.12",
            "/Users/khatran/Documents/Aalto-yliopisto/Programming1/Devolution/src/main/scala-2",
            "/Users/khatran/Documents/Aalto-yliopisto/Programming1/Devolution/src/main/java",
            "/Users/khatran/Documents/Aalto-yliopisto/Programming1/Devolution/target/scala-2.12/src_managed/main",
            "/Users/khatran/Documents/Aalto-yliopisto/Programming1/Devolution/helloworld.scala"
        ],
        "dependencies": [
            
        ],
        "classpath": [
            "/Users/khatran/.sbt/boot/scala-2.12.18/lib/scala-library.jar"
        ],
        "out": "/Users/khatran/Documents/Aalto-yliopisto/Programming1/Devolution/.bloop/devolution",
        "classesDir": "/Users/khatran/Documents/Aalto-yliopisto/Programming1/Devolution/.bloop/devolution/scala-2.12/classes",
        "resources": [
            "/Users/khatran/Documents/Aalto-yliopisto/Programming1/Devolution/src/main/resources",
            "/Users/khatran/Documents/Aalto-yliopisto/Programming1/Devolution/target/scala-2.12/resource_managed/main"
        ],
        "scala": {
            "organization": "org.scala-lang",
            "name": "scala-compiler",
            "version": "2.12.18",
            "options": [
                
            ],
            "jars": [
                "/Users/khatran/.sbt/boot/scala-2.12.18/lib/scala-library.jar",
                "/Users/khatran/.sbt/boot/scala-2.12.18/lib/scala-compiler.jar",
                "/Users/khatran/.sbt/boot/scala-2.12.18/lib/scala-reflect.jar",
                "/Users/khatran/.sbt/boot/scala-2.12.18/lib/scala-xml_2.12-2.1.0.jar"
            ],
            "setup": {
                "order": "mixed",
                "addLibraryToBootClasspath": true,
                "addCompilerToClasspath": false,
                "addExtraJarsToClasspath": false,
                "manageBootClasspath": true,
                "filterLibraryFromClasspath": true
            }
        },
        "java": {
            "options": [
                
            ]
        },
        "test": {
            "frameworks": [
                {
                    "names": [
                        "org.scalacheck.ScalaCheckFramework"
                    ]
                },
                {
                    "names": [
                        "org.specs2.runner.Specs2Framework",
                        "org.specs2.runner.SpecsFramework"
                    ]
                },
                {
                    "names": [
                        "org.specs.runner.SpecsFramework"
                    ]
                },
                {
                    "names": [
                        "org.scalatest.tools.Framework",
                        "org.scalatest.tools.ScalaTestFramework"
                    ]
                },
                {
                    "names": [
                        "com.novocode.junit.JUnitFramework"
                    ]
                },
                {
                    "names": [
                        "munit.Framework"
                    ]
                },
                {
                    "names": [
                        "zio.test.sbt.ZTestFramework"
                    ]
                },
                {
                    "names": [
                        "weaver.framework.CatsEffect"
                    ]
                },
                {
                    "names": [
                        "hedgehog.sbt.Framework"
                    ]
                }
            ],
            "options": {
                "excludes": [
                    
                ],
                "arguments": [
                    
                ]
            }
        },
        "platform": {
            "name": "jvm",
            "config": {
                "home": "/Users/khatran/Library/Java/JavaVirtualMachines/corretto-17.0.9/Contents/Home",
                "options": [
                    "-Duser.dir=/Users/khatran/Documents/Aalto-yliopisto/Programming1/Devolution"
                ]
            },
            "mainClass": [
                
            ]
        },
        "resolution": {
            "modules": [
                {
                    "organization": "org.scala-lang",
                    "name": "scala-library",
                    "version": "2.12.18",
                    "configurations": "default",
                    "artifacts": [
                        {
                            "name": "scala-library",
                            "path": "/Users/khatran/.sbt/boot/scala-2.12.18/lib/scala-library.jar"
                        },
                        {
                            "name": "scala-library",
                            "classifier": "sources",
                            "path": "/Users/khatran/Library/Caches/Coursier/v1/https/repo1.maven.org/maven2/org/scala-lang/scala-library/2.12.18/scala-library-2.12.18-sources.jar"
                        }
                    ]
                },
                {
                    "organization": "org.scala-lang",
                    "name": "scala-library",
                    "version": "2.12.18",
                    "configurations": "optional",
                    "artifacts": [
                        {
                            "name": "scala-library",
                            "path": "/Users/khatran/.sbt/boot/scala-2.12.18/lib/scala-library.jar"
                        },
                        {
                            "name": "scala-library",
                            "classifier": "sources",
                            "path": "/Users/khatran/Library/Caches/Coursier/v1/https/repo1.maven.org/maven2/org/scala-lang/scala-library/2.12.18/scala-library-2.12.18-sources.jar"
                        }
                    ]
                }
            ]
        },
        "tags": [
            "library"
        ]
    }
}